453,356,356,356,356,356,356,356,356,356,357,357,357,362,356,356,356,356,356,356,356,356,356,356,357,357,357,362,356,356,356,356,356,356,356,357,357,357,362,356,356,356,356,356,356,356,356,356,356,356,356,356,356,356,357,357,357,362,356,356,356,356,356,356,356,356,356,357,357,357,362,356,356,356,453
485,257,256,257,256,257,256,257,256,257,387,389,389,394,256,257,256,257,256,257,256,257,256,257,387,389,389,394,256,257,256,257,256,257,256,387,389,389,394,257,256,257,256,257,256,257,256,257,256,257,256,257,256,257,387,389,389,394,256,257,256,257,256,257,256,257,256,387,389,389,394,257,256,257,485
453,1,224,225,224,225,224,225,224,225,419,257,256,257,224,225,224,225,224,225,224,225,224,225,419,257,256,257,224,225,224,225,224,225,224,419,224,225,224,225,224,225,224,225,224,225,224,225,224,1,224,225,224,225,419,257,256,257,224,225,224,1,224,225,224,225,224,419,224,225,224,225,224,225,453
485,257,256,257,256,257,256,257,256,257,256,257,256,257,256,257,256,257,256,257,256,257,256,257,256,257,256,257,256,257,256,257,256,257,256,257,256,257,256,257,256,257,256,257,256,257,256,257,256,257,256,257,256,257,256,257,256,257,256,257,256,257,256,257,256,257,256,257,256,257,256,257,256,257,485
453,1,224,225,224,225,224,225,224,225,224,225,224,1,224,225,224,225,224,225,224,225,224,225,224,1,224,225,224,225,224,225,224,225,224,225,224,1,224,225,224,225,224,225,224,225,224,225,224,1,224,225,224,225,224,225,224,225,224,1,224,225,224,1,224,225,224,225,224,225,224,225,224,225,453
485,257,256,257,256,257,256,257,256,257,256,257,256,257,256,257,256,257,256,257,256,257,256,257,256,257,256,257,256,257,256,257,256,257,256,257,256,257,256,257,256,257,256,257,256,257,256,257,256,257,256,257,256,257,256,257,256,257,256,257,256,257,256,257,256,257,256,257,256,257,256,257,256,257,485
453,1,224,225,224,225,224,225,224,225,224,225,224,1,224,225,224,225,224,225,224,225,224,225,224,1,224,225,224,225,224,225,224,225,224,225,224,1,224,225,224,225,224,225,224,225,224,225,224,1,224,225,224,225,224,225,224,225,224,1,224,225,224,1,224,225,224,225,224,225,224,225,224,225,453
485,257,256,257,256,257,256,257,256,257,256,257,256,257,256,257,256,257,256,257,256,257,256,257,256,257,256,257,256,257,256,257,256,257,256,257,256,257,256,257,256,257,256,257,256,257,256,257,256,257,256,257,256,257,256,257,256,257,256,257,256,257,256,257,256,257,256,257,256,257,256,257,256,257,485
453,1,224,225,224,225,224,225,224,225,224,225,224,1,224,225,224,225,224,225,224,225,224,225,224,1,224,225,224,225,224,225,224,225,224,225,224,1,224,225,224,225,224,225,224,225,224,225,224,1,224,225,224,225,224,225,224,225,224,1,224,225,224,225,224,225,224,225,224,225,224,1,224,225,453
485,257,256,257,256,257,256,257,256,257,256,257,256,257,256,257,256,257,256,257,256,257,256,257,256,257,256,257,256,257,256,257,256,257,256,257,256,257,256,257,256,257,256,257,256,257,256,257,256,257,256,257,256,257,256,257,256,257,256,257,256,257,256,257,256,257,256,257,256,257,256,257,256,257,485
453,1,224,225,224,225,224,225,224,225,224,225,224,1,224,225,224,225,224,225,224,225,224,225,224,1,224,225,224,225,224,225,224,225,224,225,224,1,224,225,224,225,224,225,224,225,224,225,224,1,224,225,224,225,224,225,224,225,224,1,224,225,224,225,224,225,224,225,224,225,224,1,224,225,453
485,257,256,257,256,257,256,257,256,257,256,257,256,257,256,257,256,257,256,257,256,257,256,257,256,257,256,257,256,257,256,257,256,257,256,257,256,257,256,257,256,257,256,257,256,257,256,257,256,257,256,257,256,257,256,257,256,257,256,257,256,257,256,257,256,257,256,257,256,257,256,257,256,257,485
453,1,224,225,224,225,224,225,224,225,224,225,224,1,224,225,224,225,224,225,224,225,224,225,224,1,224,225,224,225,224,225,224,225,224,225,224,1,224,225,224,225,224,225,224,225,224,1,224,225,224,225,224,1,224,225,224,225,224,225,224,225,224,225,224,1,224,225,224,225,224,225,224,225,453
485,257,256,257,256,257,256,257,256,257,256,257,256,257,256,257,256,257,256,257,256,257,256,257,256,257,256,257,256,257,256,257,256,257,256,257,256,257,256,257,256,257,256,257,256,257,256,257,256,257,256,257,256,257,256,257,256,257,256,257,256,257,256,257,256,257,423,424,423,424,423,424,423,424,485
453,1,224,225,224,225,224,225,224,225,224,225,224,1,224,225,224,225,224,423,424,423,424,423,224,1,224,225,224,225,224,225,224,225,224,225,224,1,224,225,224,225,224,225,224,225,224,1,224,225,224,225,224,1,224,225,224,225,224,225,224,225,224,225,224,1,224,225,224,225,224,225,224,225,453
485,257,256,257,256,257,256,257,256,257,256,257,256,257,256,257,256,257,256,257,256,257,256,257,256,257,256,257,256,257,256,257,256,257,256,257,256,257,256,257,256,257,256,257,256,257,256,257,256,257,256,257,256,257,256,257,256,257,256,257,256,257,256,257,453,454,486,455,454,486,453,257,256,257,485
453,1,224,225,224,225,224,225,224,225,224,225,224,1,224,225,224,225,224,225,224,225,224,225,224,1,224,225,224,225,224,225,224,225,224,225,224,1,224,225,224,225,224,225,224,225,224,1,224,225,224,225,224,1,224,225,224,225,224,225,224,225,224,225,485,448,449,450,451,452,485,225,224,225,453
485,257,256,257,256,257,256,257,256,257,256,257,256,257,256,257,256,257,256,257,256,257,256,257,256,257,256,257,256,257,256,257,256,257,256,257,256,257,256,257,256,257,256,257,256,257,256,257,256,257,256,257,256,257,256,257,423,424,423,424,423,424,256,257,453,480,481,482,451,452,453,257,256,257,485
453,1,423,424,423,424,423,424,423,424,423,424,224,1,224,225,224,225,224,225,224,225,224,225,224,1,224,225,224,423,424,423,424,423,424,225,224,1,224,225,224,225,224,225,224,225,224,1,224,225,224,225,224,1,224,225,224,225,224,225,224,225,224,225,485,480,481,482,451,452,485,225,224,225,453
485,257,256,257,256,257,256,257,256,257,256,257,256,257,256,257,256,257,256,257,256,257,256,257,256,257,256,257,256,257,256,257,453,454,486,455,454,486,453,257,256,257,256,257,256,257,256,257,256,257,256,257,256,257,256,257,256,257,256,257,256,257,256,257,453,480,481,482,451,483,453,257,256,257,485
453,1,224,225,224,225,224,453,454,486,455,454,486,453,224,1,224,423,424,423,424,423,424,225,224,225,224,1,224,225,224,225,485,448,449,450,451,452,485,1,423,424,423,424,423,424,423,225,224,225,224,1,224,1,224,225,224,225,224,225,224,225,224,225,485,483,481,482,483,484,485,225,224,225,453
485,257,256,257,256,257,256,485,448,449,450,451,452,485,256,257,256,257,256,257,256,453,454,486,455,454,486,453,256,257,256,257,453,480,481,482,451,452,453,257,256,257,256,257,256,257,256,257,256,257,256,453,454,486,455,454,486,453,256,257,256,257,256,257,453,483,513,483,516,516,453,257,256,257,485
453,1,2,3,4,225,224,453,480,481,482,451,452,453,224,1,2,3,4,225,224,485,448,449,450,451,452,485,224,1,2,3,485,480,481,482,451,452,485,1,224,225,224,1,2,3,4,225,224,225,224,485,448,449,450,451,452,485,2,3,4,225,224,225,485,516,516,516,516,516,485,3,4,225,453
485,33,34,35,36,257,256,485,480,481,482,451,452,485,256,33,34,35,36,257,256,453,480,481,482,451,452,453,256,33,34,35,453,480,481,482,451,483,453,257,256,257,256,33,34,35,36,257,256,257,256,453,480,481,482,451,452,453,34,35,36,257,256,257,453,516,516,516,516,516,453,35,36,257,485
453,65,39,40,41,225,224,453,480,481,482,451,483,453,224,65,39,40,41,225,224,485,480,481,482,451,452,485,224,65,39,40,485,483,481,482,483,484,485,1,224,225,224,65,39,40,41,225,224,225,224,485,480,481,482,451,452,485,39,40,41,225,224,225,485,516,516,516,516,516,485,40,41,225,453
485,70,71,72,73,257,256,485,483,481,482,483,484,485,256,70,71,72,73,257,256,453,480,481,482,451,483,453,256,70,71,72,453,483,513,483,516,516,453,257,256,257,256,70,71,72,73,257,256,257,256,453,480,481,482,451,483,453,71,72,73,257,256,257,453,516,516,516,516,516,453,72,73,257,485
453,102,103,104,105,225,224,453,483,513,483,516,516,453,224,102,103,104,105,225,224,485,483,481,482,483,484,485,224,102,103,104,485,516,516,516,516,516,485,1,224,225,224,102,103,104,105,225,224,225,224,485,483,481,482,483,484,485,103,104,105,225,224,225,485,516,516,516,516,516,485,104,105,225,453
485,134,135,136,137,257,256,485,516,516,516,516,516,485,256,134,135,136,137,257,256,453,483,513,483,516,516,453,256,134,135,136,453,516,516,516,516,516,453,257,256,257,256,134,135,136,137,257,256,257,256,453,483,513,483,516,516,453,135,136,137,257,256,257,453,516,516,516,516,516,453,136,137,257,485
453,225,224,225,224,225,224,453,516,516,516,516,516,453,224,225,224,225,224,225,224,485,516,516,516,516,516,485,224,225,224,225,485,516,516,516,516,516,485,225,224,225,224,225,224,225,224,225,224,1,224,485,516,516,516,516,516,485,224,225,224,225,224,225,485,516,516,516,516,516,485,225,224,225,453
485,422,422,422,422,422,422,422,422,422,422,422,422,422,422,422,422,422,422,422,422,422,422,422,422,422,422,422,422,422,422,422,422,422,422,422,422,422,422,422,422,422,422,422,422,422,422,422,422,422,422,422,422,422,422,422,422,422,422,422,422,422,422,422,422,422,422,422,422,422,422,422,422,422,485
