355,356,357,352,353,354,355,356,357,352,353,354,355,356,357,352,353,354,355,356,357,352,353,354,355,356,357,352,353,354,355,356,356,356,353,354,355,356,356,356,353,354,355,356,356,356,353,354,355,356,356,356,353,354,355,356,356,356,353,354,355,356,356,356,353,354,355,356,356,356
387,388,389,384,385,386,387,388,389,384,385,386,387,388,389,384,385,386,387,388,389,384,385,386,387,388,389,384,385,386,128,129,256,257,256,257,128,129,256,257,256,257,128,256,33,34,35,36,257,129,256,257,256,257,128,129,256,257,256,257,128,129,256,257,256,257,128,129,256,257
419,420,421,416,417,418,419,420,421,416,417,418,419,420,421,416,417,418,419,420,421,416,417,418,419,420,421,416,417,418,128,129,288,289,288,289,128,129,288,289,288,289,128,224,65,66,67,68,225,129,288,289,288,289,128,129,288,289,288,289,128,129,288,289,288,289,128,129,288,289
359,360,361,360,361,362,359,360,361,360,361,362,359,360,361,360,361,362,359,360,361,360,361,362,359,360,361,360,361,362,128,129,256,257,256,257,128,129,256,257,256,257,128,256,97,98,99,100,257,129,256,257,256,257,128,129,256,257,256,257,128,129,256,257,256,257,128,129,256,257
391,392,392,393,393,394,391,392,392,393,393,394,391,392,392,393,393,394,391,392,392,393,393,394,391,392,392,393,393,394,128,129,288,289,288,289,128,129,288,289,288,289,128,224,102,103,104,105,225,129,288,289,288,289,128,129,288,289,288,289,128,129,288,289,288,289,128,129,288,289
396,356,356,356,356,354,355,356,356,356,356,354,355,356,356,356,356,354,355,356,356,356,356,354,355,356,356,356,356,363,128,129,256,257,256,257,128,129,256,257,256,257,128,256,134,135,136,137,257,129,256,257,256,257,128,129,256,257,256,257,128,129,256,257,256,257,128,129,256,257
288,289,288,289,288,289,128,129,288,289,288,289,128,256,33,34,35,36,257,129,288,289,288,289,128,129,288,289,288,289,128,129,288,289,288,289,128,129,288,289,288,289,128,224,225,224,225,224,225,129,288,289,288,289,128,129,288,289,288,289,128,129,288,289,288,289,128,129,288,289
256,257,256,257,256,257,128,129,256,257,256,257,128,224,65,66,67,68,225,129,256,257,256,257,128,129,256,257,256,257,128,129,256,257,256,257,128,129,256,257,256,257,128,256,257,256,257,256,257,129,256,257,256,257,128,129,256,257,256,257,128,129,256,257,256,257,128,129,256,257
288,289,288,289,288,289,128,129,288,289,288,289,128,256,97,98,99,100,257,129,288,289,288,289,128,129,288,289,288,289,128,129,288,289,288,289,128,129,288,289,288,289,128,224,225,224,225,224,225,129,288,289,288,289,128,129,288,289,288,289,128,129,288,289,288,289,128,129,288,289
256,257,256,257,256,257,11,12,256,257,256,257,128,224,102,103,104,105,225,129,256,257,256,257,11,12,256,257,256,257,11,12,256,257,256,257,11,423,424,423,424,423,424,423,423,424,423,423,424,423,424,423,424,423,424,12,256,257,256,257,11,12,256,257,256,257,11,12,256,257
288,289,288,289,288,289,43,44,288,289,288,289,128,256,134,135,136,137,257,129,288,289,288,289,43,44,288,289,288,289,43,44,288,289,288,289,43,44,288,289,288,289,128,224,225,224,225,224,225,129,288,289,288,289,43,44,288,289,288,289,43,44,288,289,288,289,43,44,288,289
256,257,256,257,256,257,75,76,256,257,256,257,128,224,225,224,225,224,225,129,256,257,256,257,423,424,423,424,423,424,423,424,256,257,256,257,75,76,256,257,256,257,128,256,257,256,257,256,257,129,256,257,256,257,75,76,256,257,256,257,75,76,256,257,256,257,75,76,256,257
288,289,288,289,288,289,107,108,288,289,288,289,128,256,257,256,257,256,257,129,288,289,288,289,107,108,288,289,288,289,107,108,288,289,288,289,107,108,288,289,288,289,128,224,225,224,225,224,225,129,288,289,288,289,107,108,288,289,288,289,107,108,288,289,288,289,107,108,288,289
256,257,256,257,256,257,160,161,256,257,256,257,128,224,225,224,225,224,225,129,256,257,256,257,160,161,256,257,256,257,160,161,256,257,256,257,160,161,256,257,256,257,128,256,257,256,257,256,257,129,256,257,256,257,160,396,356,357,352,353,354,355,356,357,352,353,354,355,356,357
288,289,288,289,288,289,192,193,288,289,288,289,128,256,257,256,257,256,257,129,288,289,288,289,192,193,288,289,288,289,192,193,288,289,288,289,192,193,288,289,288,289,128,224,225,224,225,224,225,129,288,289,288,289,192,387,388,389,384,385,386,387,388,389,384,385,386,387,388,389
364,356,356,357,352,353,354,355,356,357,352,353,363,224,225,224,225,224,225,364,356,357,352,353,354,355,356,357,352,353,354,355,356,357,352,353,363,129,256,257,256,257,128,256,257,256,257,256,257,129,256,257,256,257,128,419,420,421,416,417,418,419,420,421,416,417,418,419,420,421
386,387,388,389,384,385,386,387,388,389,384,385,386,422,422,422,422,422,422,387,388,389,384,385,386,387,388,389,384,385,386,387,388,389,384,385,386,422,422,422,422,422,422,422,422,422,422,422,422,422,422,422,422,422,422,359,360,361,360,361,362,359,360,361,360,361,362,359,360,361
419,419,420,421,416,417,418,419,420,421,416,417,418,422,422,422,422,422,422,419,420,421,416,417,418,419,420,421,416,417,418,419,420,421,416,417,418,422,422,422,422,422,422,422,422,422,422,422,422,422,422,422,422,422,422,391,392,392,393,393,394,391,392,392,393,393,394,391,392,392
356,356,356,356,356,356,356,356,356,356,356,356,356,356,356,356,356,356,356,356,356,356,356,356,356,356,356,356,356,356,356,356,356,356,356,356,356,356,356,356,356,356,356,356,356,356,356,356,356,356,356,356,356,356,356,396,356,356,356,356,354,355,356,356,356,356,354,355,356,356
