453,364,356,357,352,353,354,355,356,357,352,353,354,355,356,357,352,353,354,355,356,357,352,353,354,355,356,357,352,353,354,355,356,357,352,353,354,355,356,357,352,353,354,355,356,357,352,353,354,355,356,357,352,353,354,355,356,357,352,353,354,355,356,357,352,353,354,355,356,357,352,353,354,355,356,357,352,353,354,355,356,357,352,353,354,355,356,357,352,353,354,355,356,357,352,353,354,355,356,357,352,353,354,355,356,357,352,353,354,355,356,357,352,353,354,355,356,357,352,353,354,355,356,357,352,353,354,355,356,357,352,353,363,453
485,387,388,389,384,385,386,387,388,389,384,385,386,387,388,389,384,385,386,387,388,389,384,385,386,387,388,389,384,385,386,387,388,389,384,385,386,387,388,389,384,385,386,387,388,389,384,385,386,387,388,389,384,385,386,387,388,389,384,385,386,387,388,389,384,385,386,387,388,389,384,385,386,387,388,389,384,385,386,387,388,389,384,385,386,387,388,389,384,385,386,387,388,389,384,385,386,387,388,389,384,385,386,387,388,389,384,385,386,387,388,389,384,385,386,387,388,389,384,385,386,387,388,389,384,385,386,387,388,389,384,385,386,485
453,419,420,421,416,417,418,419,420,421,416,417,418,419,420,421,416,417,418,419,420,421,416,417,418,419,420,421,416,417,418,419,420,421,416,417,418,419,420,421,416,417,418,419,420,421,416,417,418,419,420,421,416,417,418,419,420,421,416,417,418,419,420,421,416,417,418,419,420,421,416,417,418,419,420,421,416,417,418,419,420,421,416,417,418,419,420,421,416,417,418,419,420,421,416,417,418,419,420,421,416,417,418,419,420,421,416,417,418,419,420,421,416,417,418,419,420,421,416,417,418,419,420,421,416,417,418,419,420,421,416,417,418,453
485,359,360,361,360,361,362,359,360,361,360,361,362,359,360,361,360,361,362,359,360,361,360,361,362,359,360,361,360,361,362,359,360,361,360,361,362,359,360,361,360,361,362,359,360,361,360,361,362,359,360,361,360,361,362,359,360,361,360,361,362,359,360,361,360,361,362,359,360,361,360,361,362,359,360,361,360,361,362,359,360,361,360,361,362,359,360,361,360,361,362,359,360,361,360,361,362,359,360,361,360,361,362,359,360,361,360,361,362,359,360,361,360,361,362,359,360,361,360,361,362,359,360,361,360,361,362,359,360,361,360,361,362,485
453,391,392,392,393,393,394,391,392,392,393,393,394,391,392,392,393,393,394,391,392,392,393,393,394,391,392,392,393,393,394,391,392,392,393,393,394,391,392,392,393,393,394,391,392,392,393,393,394,391,392,392,393,393,394,391,392,392,393,393,394,391,392,392,393,393,394,391,392,392,393,393,394,391,392,392,393,393,394,391,392,392,393,393,394,391,392,392,393,393,394,391,392,392,393,393,394,391,392,392,393,393,394,391,392,392,393,393,394,391,392,392,393,393,394,391,392,392,393,393,394,391,392,392,393,393,394,391,392,392,393,393,394,453
485,396,356,356,356,356,354,355,356,356,356,356,354,355,356,356,356,356,354,355,356,356,356,356,354,355,356,356,356,356,354,355,356,356,356,356,354,355,356,356,356,356,354,355,356,356,356,356,354,355,356,356,356,356,354,355,356,356,356,356,354,355,356,356,356,356,354,355,356,356,356,356,354,355,356,356,356,356,354,355,356,356,356,356,354,355,356,356,356,356,354,355,356,356,356,356,354,355,356,356,356,356,354,355,356,356,356,356,354,355,356,356,356,356,354,355,356,356,356,356,354,355,356,356,356,356,354,355,353,353,353,353,395,485
453,289,288,289,288,289,128,129,288,289,288,289,128,129,288,289,288,289,128,129,288,289,288,289,128,129,288,289,288,289,128,129,288,289,288,289,128,129,288,289,288,289,128,129,288,289,288,289,128,129,288,289,288,289,128,129,288,289,288,289,128,129,288,289,288,289,128,129,288,289,288,289,128,129,288,289,288,289,128,129,288,289,288,289,128,129,288,289,288,289,128,129,288,289,288,289,128,129,288,289,288,289,128,129,288,289,288,289,128,129,288,289,288,289,128,129,288,289,288,289,128,129,288,289,288,289,128,129,288,289,288,289,288,453
485,257,256,257,256,257,128,129,256,257,256,257,128,129,256,257,256,257,128,129,256,257,256,257,128,129,256,257,256,257,128,129,256,257,256,257,128,129,256,257,256,257,128,129,256,257,256,257,128,129,256,257,256,257,128,129,256,257,256,257,128,129,256,257,256,257,128,129,256,257,256,257,128,129,256,257,256,257,128,129,256,257,256,257,128,129,256,257,256,257,128,129,256,257,256,257,128,129,256,257,256,257,128,129,256,257,256,257,128,129,256,257,256,257,128,129,256,257,256,257,128,129,256,257,256,257,128,129,256,257,256,257,256,485
453,289,288,289,288,289,128,129,288,289,288,289,128,129,288,289,288,289,128,129,288,289,288,289,128,129,288,289,288,289,128,129,288,289,288,289,128,129,288,289,288,289,128,129,288,289,288,289,128,129,288,289,288,289,128,129,288,289,288,289,128,129,288,289,288,289,128,129,288,289,288,289,128,129,288,289,288,289,128,129,288,289,288,289,128,129,288,289,288,289,128,129,288,289,288,289,128,129,288,289,288,289,128,129,288,289,288,289,128,129,288,289,288,289,128,129,288,289,288,289,128,129,288,289,288,289,128,129,288,289,288,289,288,453
485,257,256,257,256,257,11,12,256,257,256,257,11,12,256,257,256,257,11,12,256,257,256,257,11,12,256,257,256,257,11,12,256,257,256,257,11,12,256,257,256,257,11,12,256,257,256,257,11,12,256,257,256,257,11,12,256,257,256,257,11,12,256,257,256,257,11,12,256,257,256,257,11,12,256,257,256,257,11,12,256,257,256,257,11,12,256,257,256,257,11,12,256,257,256,257,11,12,256,257,256,257,11,12,256,257,256,257,11,12,256,257,256,257,11,12,256,257,256,257,11,12,256,257,256,257,11,12,256,257,256,257,256,485
453,289,288,289,288,289,43,44,288,289,288,289,43,44,288,289,288,289,43,44,288,289,288,289,43,44,288,289,288,289,43,44,288,289,288,289,43,44,288,289,288,289,43,44,288,289,288,289,43,44,288,289,288,289,43,44,288,289,288,289,43,44,288,289,288,289,43,44,288,289,288,289,43,44,288,289,288,289,43,44,288,289,288,289,43,44,288,289,288,289,43,44,288,289,288,289,43,44,288,289,288,289,43,44,288,289,288,289,43,44,288,289,288,289,43,44,288,289,288,289,43,44,288,289,288,289,43,44,288,289,288,289,288,453
485,257,256,257,256,257,75,76,256,257,256,257,75,76,256,257,256,257,75,76,256,257,256,257,75,76,256,257,256,257,75,76,256,257,256,257,75,76,256,257,256,257,75,76,256,257,256,257,75,76,256,257,256,257,75,76,256,257,256,257,75,76,256,257,256,257,75,76,256,257,256,257,75,76,256,257,256,257,75,76,256,257,256,257,75,76,256,257,256,257,75,76,256,257,256,257,75,76,256,257,256,257,75,76,256,257,256,257,75,76,256,257,256,257,75,76,256,257,256,257,75,76,256,257,256,257,75,76,256,257,256,257,256,485
453,289,288,289,288,289,107,108,288,289,288,289,107,108,288,289,288,289,107,108,288,289,288,289,107,108,288,289,288,289,107,108,288,289,288,289,107,108,288,289,288,289,107,108,288,289,288,289,107,108,288,289,288,289,107,108,288,289,288,289,107,108,288,289,288,289,107,108,288,289,288,289,107,108,288,289,288,289,107,108,288,289,288,289,107,108,288,289,288,289,107,108,288,289,288,289,107,108,288,289,288,289,107,108,288,289,288,289,107,108,288,289,288,289,107,108,288,289,288,289,107,108,288,289,288,289,107,108,288,289,288,289,288,453
485,257,256,257,256,257,160,161,256,257,256,257,160,161,256,257,256,257,160,161,256,257,256,257,160,161,256,257,256,257,160,161,256,257,256,257,160,161,256,257,256,257,160,161,256,257,256,257,160,161,256,257,256,257,160,161,256,257,256,257,160,161,256,257,256,257,160,161,256,257,256,257,160,161,256,257,256,257,160,161,256,257,256,257,160,161,256,257,256,257,160,161,256,257,256,257,160,161,256,257,256,257,160,161,256,257,256,257,160,161,256,257,256,257,160,161,256,257,256,257,160,161,256,257,256,257,160,161,256,257,256,257,256,485
453,289,288,289,288,289,192,193,288,289,288,289,192,193,288,289,288,289,192,193,288,289,288,289,192,193,288,289,288,289,192,193,288,289,288,289,192,193,288,289,288,289,192,193,288,289,288,289,192,193,288,289,288,289,192,193,288,289,288,289,192,193,288,289,288,289,192,193,288,289,288,289,192,193,288,289,288,289,192,193,288,289,288,289,192,193,288,289,288,289,192,193,288,289,288,289,192,193,288,289,288,289,192,193,288,289,288,289,192,193,288,289,288,289,192,193,288,289,288,289,192,193,288,289,288,289,192,193,288,289,288,289,288,453
485,364,356,357,352,353,354,355,356,357,352,353,354,355,356,357,352,353,354,355,356,357,352,353,354,355,356,357,352,353,354,355,356,357,352,353,354,355,356,357,352,353,354,355,356,357,352,353,354,355,356,357,352,353,354,355,356,357,352,353,354,355,356,357,352,353,354,355,356,357,352,353,354,355,356,357,352,353,354,355,356,357,352,353,354,355,356,357,352,353,354,355,356,357,352,353,354,355,356,357,352,353,354,355,356,357,352,353,354,355,356,357,352,353,354,355,356,357,352,353,354,355,356,357,352,353,354,355,356,357,352,353,363,485
453,387,388,389,384,385,386,387,388,389,384,385,386,387,388,389,384,385,386,387,388,389,384,385,386,387,388,389,384,385,386,387,388,389,384,385,386,387,388,389,384,385,386,387,388,389,384,385,386,387,388,389,384,385,386,387,388,389,384,385,386,387,388,389,384,385,386,387,388,389,384,385,386,387,388,389,384,385,386,387,388,389,384,385,386,387,388,389,384,385,386,387,388,389,384,385,386,387,388,389,384,385,386,387,388,389,384,385,386,387,388,389,384,385,386,387,388,389,384,385,386,387,388,389,384,385,386,387,388,389,384,385,386,453
485,419,420,421,416,417,418,419,420,421,416,417,418,419,420,421,416,417,418,419,420,421,416,417,418,419,420,421,416,417,418,419,420,421,416,417,418,419,420,421,416,417,418,419,420,421,416,417,418,419,420,421,416,417,418,419,420,421,416,417,418,419,420,421,416,417,418,419,420,421,416,417,418,419,420,421,416,417,418,419,420,421,416,417,418,419,420,421,416,417,418,419,420,421,416,417,418,419,420,421,416,417,418,419,420,421,416,417,418,419,420,421,416,417,418,419,420,421,416,417,418,419,420,421,416,417,418,419,420,421,416,417,418,485
