453,356,356,356,356,356,356,356,356,356,356,356,356,356,356,356,356,356,356,356,356,356,356,356,356,356,356,356,356,356,356,356,356,356,356,356,356,356,356,356,356,356,356,356,356,356,356,356,356,356,356,356,356,356,356,356,356,356,356,356,356,356,356,356,356,356,356,356,356,356,356,356,356,356,356,356,356,356,356,356,356,356,356,356,356,485
485,257,256,257,256,257,128,129,256,257,256,257,128,129,256,257,256,257,128,129,256,257,256,257,128,129,256,257,256,257,128,129,256,257,256,257,128,129,256,257,256,257,128,129,256,257,256,257,128,129,256,257,256,257,128,129,256,257,256,257,128,129,256,257,256,257,128,129,256,257,256,257,128,129,256,257,256,257,128,129,256,257,256,257,288,485
453,289,288,289,288,289,128,129,288,289,288,289,128,129,288,289,288,289,128,129,288,289,288,289,128,129,288,289,288,289,128,129,288,289,288,289,128,129,288,289,288,289,128,129,288,289,288,289,128,129,288,289,288,289,128,129,288,289,288,289,128,129,288,289,288,289,128,129,288,289,288,289,128,129,288,289,288,289,128,129,288,289,288,289,256,485
485,257,256,257,256,257,128,129,256,257,256,257,128,129,256,257,256,257,128,129,256,257,256,257,128,129,256,257,256,257,128,129,256,257,256,257,128,129,256,257,256,257,128,129,256,257,256,257,128,129,256,257,256,257,128,129,256,257,256,257,128,129,256,257,256,257,128,129,256,257,256,257,128,129,256,257,256,257,128,129,256,257,256,257,288,453
485,289,288,289,288,289,128,129,288,289,288,289,128,129,288,289,288,289,128,129,288,289,288,289,128,129,288,289,288,289,128,129,288,289,288,289,128,129,288,289,288,289,128,129,288,289,288,289,128,129,288,289,288,289,128,129,288,289,288,289,128,129,288,289,288,289,128,129,288,289,288,289,128,129,288,289,288,289,128,129,288,289,288,289,256,485
453,257,256,257,256,257,128,129,256,257,256,257,128,129,256,257,256,257,128,129,256,257,256,257,128,129,256,257,256,257,128,129,256,257,256,257,128,129,256,257,256,257,128,129,256,257,256,257,128,129,256,257,256,257,128,129,256,257,256,257,128,129,256,257,256,257,128,129,256,257,256,257,128,129,256,257,256,257,128,129,256,257,256,257,288,453
485,289,288,289,288,289,128,129,288,289,288,289,128,129,288,289,288,289,128,129,288,289,288,289,128,129,288,289,288,289,128,129,288,289,288,289,128,129,288,289,288,289,128,129,288,289,288,289,128,129,288,289,288,289,128,129,288,289,288,289,128,129,288,289,288,289,128,129,288,289,288,289,128,129,288,289,288,289,128,129,288,289,288,289,256,485
453,257,256,257,256,257,128,129,256,257,256,257,128,129,256,257,256,257,128,129,256,257,256,257,128,129,256,257,256,257,128,129,256,257,256,257,128,129,256,257,256,257,128,129,256,257,256,257,128,129,256,257,256,257,128,129,256,257,256,257,128,129,256,257,256,257,128,129,256,257,256,257,128,129,256,257,256,257,128,129,256,257,256,257,288,453
485,289,288,289,288,289,128,129,288,289,288,289,128,129,288,289,288,289,128,129,288,289,288,289,128,129,288,289,288,289,128,129,288,289,288,289,128,129,288,289,288,289,128,129,288,289,288,289,128,129,288,289,288,289,128,129,288,289,288,289,128,129,288,289,288,289,128,129,288,289,288,289,128,129,288,289,288,289,128,129,288,289,288,289,256,485
453,257,256,257,256,257,128,129,256,257,256,257,128,129,256,257,256,257,128,129,256,257,256,257,128,129,256,257,256,257,128,129,256,257,256,257,128,129,256,257,256,257,128,129,256,257,256,257,128,129,256,257,256,257,128,129,256,257,256,257,128,129,256,257,363,424,423,424,423,424,423,423,424,423,424,423,424,423,424,423,424,423,424,423,424,453
485,289,288,289,288,289,128,129,288,289,288,289,128,129,288,289,288,289,128,129,288,289,288,289,128,129,288,289,288,289,128,129,288,289,288,289,128,129,288,289,288,289,128,129,288,289,288,289,128,129,288,289,288,289,128,129,288,289,288,289,128,129,288,289,485,480,481,482,480,481,482,480,481,482,480,481,482,480,481,482,480,481,480,481,482,485
453,257,256,257,256,257,11,12,256,257,256,257,11,12,256,257,256,257,11,12,256,257,256,257,11,12,256,257,256,257,11,12,256,257,256,257,11,12,256,257,256,257,11,12,256,257,256,257,11,12,256,257,256,257,11,12,256,257,256,257,11,12,256,257,453,483,481,482,483,481,482,483,481,482,483,481,482,483,481,482,483,481,483,481,482,453
485,289,288,289,288,289,43,44,288,289,288,289,43,44,288,289,288,289,43,44,288,289,288,289,43,44,288,289,288,289,43,44,288,289,288,289,43,44,288,289,288,289,43,44,288,289,288,289,43,44,288,289,288,289,43,44,288,289,288,289,43,44,288,289,485,483,513,483,483,513,483,483,513,483,483,513,483,483,513,483,483,513,483,513,483,485
453,257,256,257,256,257,75,76,256,257,256,257,75,76,256,257,256,257,75,76,256,257,256,257,75,76,256,257,256,257,75,76,256,257,256,257,75,76,256,257,256,257,423,424,423,424,423,424,423,424,423,424,423,424,423,424,256,257,256,257,75,76,256,257,453,516,516,516,516,516,516,516,516,516,516,516,516,516,516,516,516,516,516,516,516,453
485,289,288,289,288,289,107,108,288,289,288,289,107,108,288,289,288,289,107,108,288,289,288,289,107,108,288,289,288,289,107,108,288,289,288,289,107,108,288,289,288,289,107,108,288,289,288,289,107,108,288,289,288,289,107,108,288,289,288,289,107,108,288,289,485,516,516,516,516,516,516,516,516,516,516,516,516,516,516,516,516,516,516,516,516,485
453,257,256,257,256,257,160,161,256,257,256,257,160,161,256,257,256,257,160,161,256,257,256,257,160,161,256,257,256,257,160,161,256,257,256,257,160,161,256,257,256,257,160,161,256,257,256,257,160,161,256,257,256,257,160,161,256,257,256,257,160,161,256,257,453,516,516,516,516,516,516,516,516,516,516,516,516,516,516,516,516,516,516,516,516,453
485,289,288,289,288,289,192,193,288,289,288,289,192,193,288,289,288,289,192,193,288,289,288,289,192,193,288,289,288,289,192,193,288,289,288,289,192,193,288,289,288,289,192,193,288,289,288,289,192,193,288,289,288,289,192,193,288,289,288,289,192,193,288,289,485,516,516,516,516,516,516,516,516,516,516,516,516,516,516,516,516,516,516,516,516,485
453,364,356,357,352,353,354,355,356,357,352,353,354,355,356,357,352,353,354,355,356,357,352,353,354,355,356,357,352,353,354,355,356,357,352,353,363,129,256,257,256,257,128,129,256,257,256,257,128,129,256,257,256,257,128,129,256,257,256,257,128,129,256,257,485,516,516,516,516,516,516,516,516,516,516,516,516,516,516,516,516,516,516,516,516,453
485,387,388,389,384,385,386,387,388,389,384,385,386,387,388,389,384,385,386,387,388,389,384,385,386,387,388,389,384,385,386,387,388,389,384,385,386,129,288,289,288,289,128,129,288,289,288,289,128,129,288,289,288,289,128,129,288,289,288,289,128,129,288,289,453,516,516,516,516,516,516,516,516,516,516,516,516,516,516,516,516,516,516,516,516,485
453,419,420,421,416,417,418,419,420,421,416,417,418,419,420,421,416,417,418,419,420,421,416,417,418,419,420,421,416,417,418,419,420,421,416,417,418,129,256,257,256,257,128,129,256,257,256,257,128,129,256,257,256,257,128,129,256,257,256,257,128,129,256,257,485,516,516,516,516,516,516,516,516,516,516,516,516,516,516,516,516,516,516,516,516,453
485,356,356,356,356,356,356,356,356,356,356,356,356,356,356,356,356,356,356,356,356,356,356,356,356,356,356,356,356,356,356,356,356,356,356,356,356,356,356,356,356,356,356,356,356,356,356,356,356,356,356,356,356,356,356,356,356,356,356,356,356,356,356,356,356,356,356,356,356,356,356,356,356,356,356,356,356,356,356,356,356,356,356,356,356,485
