485,359,360,361,360,361,362,359,360,361,360,361,362,359,360,361,360,361,362,359,360,361,360,361,362,359,360,361,360,361,362,359,360,361,360,361,362,359,360,361,360,361,362,359,360,361,360,361,362,359,360,361,360,361,362,359,360,361,360,361,362,359,360,361,360
453,391,392,392,393,393,394,391,392,392,393,393,394,391,392,392,393,393,394,391,392,392,393,393,394,391,392,392,393,393,394,391,392,392,393,393,394,391,392,392,393,393,394,391,392,392,393,393,394,391,392,392,393,393,394,391,392,392,393,393,394,391,392,392,393
485,396,356,356,356,356,354,355,356,356,356,356,354,355,356,356,356,356,354,355,356,356,356,356,354,355,356,356,356,356,354,355,356,356,356,356,354,355,356,356,356,356,354,355,356,356,356,356,354,355,356,356,356,356,354,355,356,356,356,356,354,355,356,356,356
517,256,257,166,166,166,166,166,166,256,257,166,166,166,166,166,166,256,257,166,166,166,166,166,166,256,257,166,166,166,166,166,166,256,257,166,166,166,166,166,166,256,257,166,166,166,166,166,166,256,257,166,166,166,166,166,166,256,257,166,166,166,166,166,166
517,288,289,166,166,166,166,166,166,288,289,166,166,166,166,166,166,288,289,166,166,166,166,166,166,288,289,166,166,166,166,166,166,288,289,166,166,166,166,166,166,288,289,166,166,166,166,166,166,288,289,166,166,166,166,166,166,288,289,166,166,166,166,166,166
517,256,257,166,166,166,166,166,166,256,257,166,166,166,166,166,166,256,257,166,166,166,166,166,166,256,257,166,166,166,166,166,166,256,257,166,166,166,166,166,166,256,257,166,166,166,166,166,166,256,257,166,166,166,166,166,166,256,257,166,166,166,166,166,166
517,288,289,166,166,166,166,166,166,288,289,166,166,166,166,166,166,288,289,166,166,166,166,166,166,288,289,166,166,166,166,166,166,288,289,166,166,166,166,166,166,288,289,166,166,166,166,166,166,288,289,166,166,166,166,166,166,288,289,166,166,166,166,166,166
517,256,257,166,166,166,166,166,166,256,257,166,166,166,166,166,166,256,257,166,166,166,166,166,166,256,257,166,166,166,166,166,166,256,257,166,166,166,166,166,166,256,257,166,166,166,166,166,166,256,257,166,166,166,166,166,166,256,257,166,166,166,166,166,166
517,288,289,166,166,166,166,166,166,288,289,166,166,166,166,166,166,288,289,166,166,166,166,166,166,288,289,166,166,166,166,166,166,288,289,166,166,166,166,166,166,288,289,166,166,166,166,166,166,288,289,166,166,166,166,166,166,288,289,166,166,166,166,166,166
517,256,257,166,166,166,166,166,166,256,257,166,166,166,166,166,166,256,257,166,166,166,166,166,166,256,257,166,166,166,166,166,166,256,257,166,166,166,166,166,166,256,257,166,166,166,166,166,166,256,257,166,166,166,166,166,166,256,257,166,166,166,166,166,166
517,288,289,166,166,166,166,166,166,288,289,166,166,166,166,166,166,288,289,166,166,166,166,166,166,288,289,166,166,166,166,166,166,288,289,166,166,166,166,166,166,288,289,166,166,166,166,166,166,288,289,166,166,166,427,428,427,428,427,428,427,428,427,428,427
517,256,257,166,166,166,166,166,166,256,257,166,166,166,166,166,166,256,257,166,166,166,166,166,166,256,257,166,166,166,166,166,166,256,257,166,166,166,166,166,166,256,257,166,166,166,166,166,166,256,257,166,166,166,459,460,459,460,459,460,459,460,459,460,459
485,364,356,357,352,353,354,355,356,357,352,353,354,355,356,357,357,358,354,355,356,357,352,353,354,355,356,357,352,353,354,355,356,357,352,353,354,355,356,357,352,353,354,355,356,357,352,353,354,355,356,357,352,353,354,355,356,357,352,353,354,355,356,357,352
453,387,388,389,384,385,386,387,388,389,384,385,386,387,388,389,384,385,386,387,388,389,384,385,386,387,388,389,384,385,386,387,388,389,384,385,386,387,388,389,384,385,386,387,388,389,384,385,386,387,388,389,384,385,386,387,388,389,384,385,386,387,388,389,384
485,419,420,421,416,417,418,419,420,421,416,417,418,419,420,421,416,417,418,419,420,421,416,417,418,419,420,421,416,417,418,419,420,421,416,417,418,419,420,421,416,417,418,419,420,421,416,417,418,419,420,421,416,417,418,419,420,421,416,417,418,419,420,421,416
